{"checkstyle": {"size_McCabe": {"correlation_coefficient": 0.007760408875868988, "p_value": 0.5737218191860968}, "size_readability": {"correlation_coefficient": -0.15437454626595867, "p_value": 2.5749614709927813e-38}, "size_revision": {"correlation_coefficient": 0.037024768697559426, "p_value": 0.00860586605843964}, "McCabe_readability": {"correlation_coefficient": 0.0012006720042702654, "p_value": 0.9243561706865882}, "McCabe_revision": {"correlation_coefficient": -0.012409772046541933, "p_value": 0.4062105969998996}, "readability_revision": {"correlation_coefficient": -0.015292165682926653, "p_value": 0.23651789197585804}}}
{"hadoop": {"size_McCabe": {"correlation_coefficient": 0.012557227294087052, "p_value": 4.2446720305236904e-05}, "size_readability": {"correlation_coefficient": -0.28802322717589585, "p_value": 0.0}, "size_revision": {"correlation_coefficient": 0.0014673319443659898, "p_value": 0.6462390165789296}, "McCabe_readability": {"correlation_coefficient": -0.01033214399398466, "p_value": 0.0003105076296889512}, "McCabe_revision": {"correlation_coefficient": -0.0024158701117983667, "p_value": 0.4868066794590806}, "readability_revision": {"correlation_coefficient": -0.0035306165717160125, "p_value": 0.2370280440622955}}}
